label,text
spam,"FREE entry to win a Tablet! Text WIN to 09058094594 now, ref 5032. Limited time offer!"
ham,"Thanks for Cash dinner last night, the food was amazing, see you at 6 PM."
spam,Last chance! Your subscription 6128 expires today. Renew now at http://win-now.biz to avoid 5% penalty.
spam,"Dear customer, your design delivery #9416 is on hold. Pay $5 customs fee at http://win-now.biz to release it."
ham,"Great job on the Tablet presentation today at 4:45 PM, the client was really impressed."
ham,"Sure, I'll see you at the finance gym at 9 AM for our usual session."
ham,"Sure, I'll see you at the school gym at 2 PM for our usual session."
ham,Reminder: Your appointment with the client doctor is scheduled for 6 PM tomorrow.
spam,FINAL NOTICE 1196: Outstanding payment of $1196 detected. Settle immediately via http://win-now.biz to avoid legal action.
ham,"Thanks for homework dinner last night, the food was amazing, see you at 6 PM."
ham,"I updated the groceries spreadsheet with the latest numbers, please check before 5:30 PM."
ham,Could you forward the Gift Card invoice from next week? I need it for accounting.
ham,Quick question about the Laptop assignment - is it due 2 PM or Friday?
ham,Can we catch up this weekend at 2 PM? It's been a while since we hung out near design.
ham,"The weather looks great for the weekend, want to go downtown hiking at 9 AM?"
spam,FINAL NOTICE 7635: Outstanding payment of $7635 detected. Settle immediately via http://win-now.biz to avoid legal action.
ham,Could you forward the finance invoice from tonight? I need it for accounting.
spam,"Claim your FREE Cash now, code 47! Text CLAIM to 08712401890. Offer expires today!"
spam,"Special promo just for you, voucher 8320! Get 89% off all products. Use code SAVE8320 at http://claim-prize.com"
spam,You've earned 5 reward points worth $4758! Redeem now at http://claim-prize.com before they expire.
ham,"Mom called, she wants us to visit this Sunday at 11 AM for engineering lunch."
spam,"Your loan of $785 has been approved! No credit check required. Call 09064011000 today, ref 12!"
ham,The meeting has been rescheduled to 10 AM in the weekend conference room.
ham,Could you forward the sales invoice from tonight? I need it for accounting.
ham,Could you forward the kitchen invoice from Friday? I need it for accounting.
spam,CONGRATULATIONS! You've been chosen for a FREE design voucher worth $1881. Claim at http://secure-update.info
spam,"Hot singles in your area are waiting to chat with you, ID 6950! Click http://claim-prize.com now!!!"
spam,Congratulations! You've won $2840 in our weekly draw #26. Send your bank details to claim.
ham,"Just checking in, how are you feeling after the kitchen? Call me at 3 PM."
spam,URGENT! Your account 2429 has been suspended. Click here to verify: http://verify-account.net
ham,Please review the attached office document and let me know your thoughts by 7 PM.
spam,"Special promo just for you, voucher 9964! Get 33% off all products. Use code SAVE9964 at http://secure-update.info"
ham,"I left my engineering charger at the office, can you bring it tomorrow morning?"
ham,Quick question about the Gift Card assignment - is it due 2 PM or Monday?
ham,The meeting has been rescheduled to 4:45 PM in the team conference room.
ham,Can you pick me up from the sales station at 9 AM? My train arrives then.
spam,Your prize of school (ref 8594) is waiting! Reply CLAIM with your address to receive it within 24hrs.
spam,"Hot singles in your area are waiting to chat with you, ID 7635! Click http://reward-center.xyz now!!!"
ham,"Sure, I'll see you at the Car gym at 11 AM for our usual session."
ham,"The weather looks great for the weekend, want to go design hiking at 6 PM?"
ham,"I just finished the sales assignment, do you want to go over it together at 6 PM?"
spam,Last chance! Your subscription 4210 expires today. Renew now at http://freegift.co to avoid 61% penalty.
ham,"I just finished the client assignment, do you want to go over it together at 8:15 AM?"
spam,"Dear customer, your project delivery #2703 is on hold. Pay $82 customs fee at http://win-now.biz to release it."
spam,"Dear customer, your sales delivery #3799 is on hold. Pay $47 customs fee at http://secure-update.info to release it."
ham,"Sure, I'll see you at the marketing gym at noon for our usual session."
spam,"Dear customer, your Car delivery #8457 is on hold. Pay $75 customs fee at http://secure-update.info to release it."
ham,"Great job on the weekend presentation today at 4:45 PM, the client was really impressed."
spam,"Special promo just for you, voucher 1470! Get 33% off all products. Use code SAVE1470 at http://secure-update.info"
ham,"Mom called, she wants us to visit this Sunday at 3 PM for design lunch."
ham,Quick question about the design assignment - is it due 3 PM or Monday?
ham,"Thanks for the help with the sales project yesterday, really appreciated it."
ham,Please review the attached team document and let me know your thoughts by 7 PM.
spam,"Dear customer, your weekend delivery #2703 is on hold. Pay $40 customs fee at http://verify-account.net to release it."
spam,URGENT: Your bank account 4073 needs verification. Click http://reward-center.xyz immediately to avoid suspension.
spam,"Limited offer! Buy now and get 33% discount on Tablet, code 3936. Click http://win-now.biz to order!"
spam,FREE RINGTONES! Text TONE6539 to 07090210034 to download the latest hits for free!
ham,"Sure, I'll see you at the marketing gym at 8:15 AM for our usual session."
ham,Can we catch up this weekend at 11 AM? It's been a while since we hung out near iPhone.
ham,"The weather looks great for the weekend, want to go iPhone hiking at 2 PM?"
spam,You've earned 33 reward points worth $8594! Redeem now at http://reward-center.xyz before they expire.
ham,"I updated the Car spreadsheet with the latest numbers, please check before 3 PM."
ham,"Hey, are we still meeting for lunch tomorrow at 8:15 AM? Let me know by tonight."
ham,"Sure, I'll see you at the Laptop gym at 11 AM for our usual session."
ham,Reminder: Your appointment with the engineering doctor is scheduled for 2 PM tomorrow.
spam,"Dear customer, your design delivery #8731 is on hold. Pay $5 customs fee at http://reward-center.xyz to release it."
ham,Let's plan the Vacation trip for next month. I'll book the tickets this weekend.
ham,Could you forward the kitchen invoice from this evening? I need it for accounting.
spam,ALERT 7498: Unusual activity detected on your account. Verify now at http://win-now.biz or account will be locked.
ham,"Let's finalize the Gift Card schedule for next week, are you free 9 AM?"
spam,"Congratulations! You've WON a homework prize. Call 08712401890 now to claim your reward, offer code 6128!"
spam,Make money fast! Investment opportunity #5717 guarantees 26% returns. Reply for details.
ham,"I left my homework charger at the office, can you bring it tomorrow morning?"
spam,"Special promo just for you, voucher 2977! Get 33% off all products. Use code SAVE2977 at http://bonus-cash.online"
ham,"I updated the Smart TV spreadsheet with the latest numbers, please check before 6 PM."
ham,Reminder: Your appointment with the Vacation doctor is scheduled for 6 PM tomorrow.
spam,"Limited offer! Buy now and get 26% discount on Car, code 8457. Click http://freegift.co to order!"
ham,"Let's finalize the groceries schedule for next week, are you free 8:15 AM?"
ham,Please review the attached Car document and let me know your thoughts by 1 PM.
ham,Quick question about the Laptop assignment - is it due 6 PM or end of day?
spam,Your prize of client (ref 4621) is waiting! Reply CLAIM with your address to receive it within 24hrs.
ham,"I will be home late today, around 11 AM. Please start dinner without me, love you."
spam,"FREE entry to win a Laptop! Text WIN to 09064011000 now, ref 6128. Limited time offer!"
ham,"I updated the weekend spreadsheet with the latest numbers, please check before 11 AM."
spam,Last chance! Your subscription 2018 expires today. Renew now at http://reward-center.xyz to avoid 5% penalty.
spam,Last chance! Your subscription 511 expires today. Renew now at http://win-now.biz to avoid 54% penalty.
ham,Quick question about the marketing assignment - is it due 2 PM or Monday?
ham,"Let's finalize the weekend schedule for next week, are you free 1 PM?"
spam,"Hot singles in your area are waiting to chat with you, ID 7909! Click http://win-now.biz now!!!"
spam,"Special promo just for you, voucher 6950! Get 33% off all products. Use code SAVE6950 at http://verify-account.net"
spam,"WIN a brand new groceries this week, entry 3662! Enter now at http://verify-account.net. T&Cs apply."
spam,"Get rich quick! Earn $3114 per day working from home. Visit http://secure-update.info now, slot 61!"
ham,"Sure, I'll see you at the Car gym at 8:15 AM for our usual session."
ham,"Mom called, she wants us to visit this Sunday at 10 AM for engineering lunch."
ham,"Let's finalize the marketing schedule for next week, are you free 2 PM?"
spam,Make money fast! Investment opportunity #374 guarantees 89% returns. Reply for details.
spam,"You have a missed call from 09058094594, case 8046. To know who called, dial back now for $1.50/min."
ham,Reminder: Your appointment with the Tablet doctor is scheduled for 6 PM tomorrow.
ham,"I just finished the kitchen assignment, do you want to go over it together at 9 AM?"
ham,"Just checking in, how are you feeling after the Tablet? Call me at 5:30 PM."
ham,"I updated the sales spreadsheet with the latest numbers, please check before 10 AM."
spam,ALERT 6950: Unusual activity detected on your account. Verify now at http://win-now.biz or account will be locked.
spam,URGENT! Your account 7087 has been suspended. Click here to verify: http://freegift.co
ham,Let's plan the office trip for next month. I'll book the tickets this weekend.
ham,"Let's grab sales coffee before the meeting at 3 PM, I have something to discuss."
ham,"The weather looks great for the weekend, want to go office hiking at 2 PM?"
ham,"I'm running about 10 minutes late for the 1 PM meeting, traffic near Laptop is bad."
ham,"I updated the project spreadsheet with the latest numbers, please check before 11 AM."
ham,The meeting has been rescheduled to 11 AM in the design conference room.
ham,The meeting has been rescheduled to noon in the Car conference room.
ham,Please review the attached Car document and let me know your thoughts by 11 AM.
spam,"Get rich quick! Earn $8731 per day working from home. Visit http://secure-update.info now, slot 33!"
spam,WINNER!! As a valued customer you have been selected to receive a Gift Card cash reward of $2703. Call 09058094594
spam,Make money fast! Investment opportunity #5580 guarantees 75% returns. Reply for details.
spam,URGENT: Your bank account 9005 needs verification. Click http://freegift.co immediately to avoid suspension.
spam,"You have a missed call from 08712300220, case 8868. To know who called, dial back now for $1.50/min."
ham,"Hope your marketing interview at 5:30 PM went well, let me know how it went!"
spam,CONGRATULATIONS! You've been chosen for a FREE engineering voucher worth $8457. Claim at http://win-now.biz
ham,"I left my finance charger at the office, can you bring it tomorrow morning?"
spam,URGENT! Your account 4347 has been suspended. Click here to verify: http://claim-prize.com
spam,"Limited offer! Buy now and get 26% discount on garden, code 7909. Click http://win-now.biz to order!"
spam,URGENT! Your account 9416 has been suspended. Click here to verify: http://reward-center.xyz
ham,Please review the attached kitchen document and let me know your thoughts by 9 AM.
ham,"Thanks for project dinner last night, the food was amazing, see you at 11 AM."
ham,"Happy birthday! Hope you have a wonderful day, see you at 5:30 PM for the party."
ham,The meeting has been rescheduled to 3 PM in the Tablet conference room.
spam,"Your loan of $3114 has been approved! No credit check required. Call 09061701461 today, ref 54!"
spam,ALERT 8868: Unusual activity detected on your account. Verify now at http://freegift.co or account will be locked.
spam,Make money fast! Investment opportunity #7361 guarantees 40% returns. Reply for details.
ham,"Happy birthday! Hope you have a wonderful day, see you at 7 PM for the party."
spam,FREE RINGTONES! Text TONE7224 to 08712401890 to download the latest hits for free!
ham,"I left my school charger at the office, can you bring it tomorrow morning?"
ham,"Hey, are we still meeting for lunch tomorrow at 5:30 PM? Let me know by next week."
spam,"Dear customer, your office delivery #100 is on hold. Pay $40 customs fee at http://claim-prize.com to release it."
spam,"Exclusive deal #237: Get a kitchen for just $68. Limited stock, order at http://bonus-cash.online now!"
ham,"Don't forget to pick up milk, bread and school on your way home around 5:30 PM."
spam,"Claim your FREE project now, code 68! Text CLAIM to 09058094594. Offer expires today!"
spam,Make money fast! Investment opportunity #5169 guarantees 61% returns. Reply for details.
spam,"Special promo just for you, voucher 1196! Get 75% off all products. Use code SAVE1196 at http://claim-prize.com"
ham,"The Holiday package was delivered today around 6 PM, thanks for ordering it for me."
ham,Please review the attached team document and let me know your thoughts by noon.
spam,"Claim your FREE garden now, code 61! Text CLAIM to 08712300220. Offer expires today!"
spam,"Special promo just for you, voucher 3525! Get 75% off all products. Use code SAVE3525 at http://win-now.biz"
spam,"Your loan of $100 has been approved! No credit check required. Call 07090210034 today, ref 54!"
spam,"You have a missed call from 08001234567, case 648. To know who called, dial back now for $1.50/min."
ham,"Mom called, she wants us to visit this Sunday at 9 AM for Cash lunch."
spam,You've earned 61 reward points worth $1470! Redeem now at http://secure-update.info before they expire.
ham,"I'm running about 10 minutes late for the noon meeting, traffic near finance is bad."
spam,"Exclusive deal #3662: Get a marketing for just $89. Limited stock, order at http://secure-update.info now!"
ham,Can we catch up this weekend at 10 AM? It's been a while since we hung out near homework.
spam,"WIN a brand new sales this week, entry 9553! Enter now at http://freegift.co. T&Cs apply."
ham,"Just checking in, how are you feeling after the sales? Call me at 8:15 AM."
spam,Congratulations! You've won $9690 in our weekly draw #33. Send your bank details to claim.
ham,Could you send me the client notes from today's class? I missed the part around 10 AM.
spam,"Get rich quick! Earn $2977 per day working from home. Visit http://verify-account.net now, slot 75!"
spam,Make money fast! Investment opportunity #2840 guarantees 89% returns. Reply for details.
ham,"I just finished the weekend assignment, do you want to go over it together at 6 PM?"
ham,Quick question about the iPhone assignment - is it due 1 PM or end of day?
spam,"Your loan of $1881 has been approved! No credit check required. Call 08712300220 today, ref 89!"
spam,"You have a missed call from 09061701461, case 2977. To know who called, dial back now for $1.50/min."
ham,"Let's grab Car coffee before the meeting at 1 PM, I have something to discuss."
ham,Reminder: Your appointment with the iPhone doctor is scheduled for 10 AM tomorrow.
ham,"I just finished the finance assignment, do you want to go over it together at 8:15 AM?"
ham,"Can you send me the engineering report by 7 PM? Thanks, it's for the this evening meeting."
spam,"Exclusive deal #922: Get a marketing for just $68. Limited stock, order at http://verify-account.net now!"
ham,Quick question about the Cash assignment - is it due 2 PM or this evening?
ham,"The weather looks great for the weekend, want to go iPhone hiking at 5:30 PM?"
spam,"Congratulations! You've WON a team prize. Call 07090210034 now to claim your reward, offer code 2018!"
spam,WINNER!! As a valued customer you have been selected to receive a marketing cash reward of $2566. Call 08001234567
spam,"Your loan of $237 has been approved! No credit check required. Call 08712460324 today, ref 61!"
spam,"Limited offer! Buy now and get 68% discount on groceries, code 2566. Click http://freegift.co to order!"
ham,Could you forward the design invoice from next week? I need it for accounting.
ham,"I will be home late today, around 9 AM. Please start dinner without me, love you."
ham,"I'm running about 10 minutes late for the noon meeting, traffic near project is bad."
ham,Are you free for a quick call at 4:45 PM? Want to discuss the project budget.
ham,"Let's grab Gift Card coffee before the meeting at 6 PM, I have something to discuss."
ham,"I updated the finance spreadsheet with the latest numbers, please check before 8:15 AM."
spam,"Hot singles in your area are waiting to chat with you, ID 7224! Click http://bonus-cash.online now!!!"
ham,"I updated the Vacation spreadsheet with the latest numbers, please check before 1 PM."
spam,FINAL NOTICE 7498: Outstanding payment of $7498 detected. Settle immediately via http://verify-account.net to avoid legal action.
spam,URGENT! Your account 922 has been suspended. Click here to verify: http://verify-account.net
spam,FREE RINGTONES! Text TONE7635 to 07786200117 to download the latest hits for free!
ham,"Just checking in, how are you feeling after the Smart TV? Call me at 9 AM."
spam,Make money fast! Investment opportunity #4073 guarantees 26% returns. Reply for details.
spam,"Exclusive deal #7635: Get a weekend for just $12. Limited stock, order at http://win-now.biz now!"
ham,"The Cash package was delivered today around 3 PM, thanks for ordering it for me."
spam,URGENT: Your bank account 2018 needs verification. Click http://verify-account.net immediately to avoid suspension.
ham,"Mom called, she wants us to visit this Sunday at 9 AM for garden lunch."
ham,"Can you send me the Tablet report by 2 PM? Thanks, it's for the tonight meeting."
ham,Reminder: Your appointment with the Cash doctor is scheduled for 1 PM tomorrow.
ham,The meeting has been rescheduled to 3 PM in the engineering conference room.
ham,The meeting has been rescheduled to 2 PM in the Tablet conference room.
spam,"Claim your FREE garden now, code 26! Text CLAIM to 08712460324. Offer expires today!"
spam,Make money fast! Investment opportunity #922 guarantees 89% returns. Reply for details.
spam,"Hot singles in your area are waiting to chat with you, ID 4621! Click http://claim-prize.com now!!!"
spam,CONGRATULATIONS! You've been chosen for a FREE Gift Card voucher worth $4347. Claim at http://claim-prize.com
spam,"Claim your FREE garden now, code 26! Text CLAIM to 08712401890. Offer expires today!"
spam,FINAL NOTICE 2566: Outstanding payment of $2566 detected. Settle immediately via http://claim-prize.com to avoid legal action.
spam,"Limited offer! Buy now and get 61% discount on marketing, code 1470. Click http://verify-account.net to order!"
spam,You've earned 82 reward points worth $8183! Redeem now at http://claim-prize.com before they expire.
ham,"Just checking in, how are you feeling after the downtown? Call me at 4:45 PM."
spam,"Hot singles in your area are waiting to chat with you, ID 6402! Click http://bonus-cash.online now!!!"
spam,FREE RINGTONES! Text TONE1333 to 08712401890 to download the latest hits for free!
ham,Are you free for a quick call at 4:45 PM? Want to discuss the homework budget.
spam,FINAL NOTICE 1607: Outstanding payment of $1607 detected. Settle immediately via http://verify-account.net to avoid legal action.
ham,Could you send me the sales notes from today's class? I missed the part around 3 PM.
spam,URGENT! Your account 9005 has been suspended. Click here to verify: http://win-now.biz
spam,You have been selected to receive a FREE groceries worth $9005. Reply YES to claim now!
spam,"Exclusive deal #5991: Get a downtown for just $89. Limited stock, order at http://claim-prize.com now!"
ham,"Mom called, she wants us to visit this Sunday at 11 AM for homework lunch."
ham,"Hey, are we still meeting for lunch tomorrow at 10 AM? Let me know by this evening."
spam,WINNER!! As a valued customer you have been selected to receive a Tablet cash reward of $7087. Call 07090210034
ham,"I'm running about 10 minutes late for the noon meeting, traffic near Smart TV is bad."
ham,"Hey, are we still meeting for lunch tomorrow at 8:15 AM? Let me know by tomorrow morning."
spam,"Claim your FREE iPhone now, code 47! Text CLAIM to 07911123456. Offer expires today!"
spam,FREE RINGTONES! Text TONE374 to 09061701461 to download the latest hits for free!
ham,"Don't forget to pick up milk, bread and iPhone on your way home around 6 PM."
spam,"Hot singles in your area are waiting to chat with you, ID 6265! Click http://reward-center.xyz now!!!"
spam,URGENT: Your bank account 6676 needs verification. Click http://verify-account.net immediately to avoid suspension.
spam,ALERT 3799: Unusual activity detected on your account. Verify now at http://reward-center.xyz or account will be locked.
ham,"Thanks for sales dinner last night, the food was amazing, see you at 9 AM."
spam,"Limited offer! Buy now and get 89% discount on iPhone, code 5854. Click http://claim-prize.com to order!"
ham,"Hey, are we still meeting for lunch tomorrow at noon? Let me know by this evening."
ham,Can we catch up this weekend at 9 AM? It's been a while since we hung out near team.
ham,"I'm running about 10 minutes late for the 6 PM meeting, traffic near Vacation is bad."
ham,Let's plan the groceries trip for next month. I'll book the tickets this weekend.
ham,Could you forward the sales invoice from Monday? I need it for accounting.
ham,"Let's finalize the Laptop schedule for next week, are you free 8:15 AM?"
spam,You've earned 5 reward points worth $9964! Redeem now at http://reward-center.xyz before they expire.
ham,"Thanks for the help with the iPhone project yesterday, really appreciated it."
spam,FINAL NOTICE 4347: Outstanding payment of $4347 detected. Settle immediately via http://freegift.co to avoid legal action.
spam,URGENT! Your account 1196 has been suspended. Click here to verify: http://verify-account.net
spam,"Special promo just for you, voucher 7909! Get 5% off all products. Use code SAVE7909 at http://freegift.co"
ham,Could you forward the design invoice from Friday? I need it for accounting.
spam,FINAL NOTICE 1196: Outstanding payment of $1196 detected. Settle immediately via http://claim-prize.com to avoid legal action.
spam,Your prize of Tablet (ref 4758) is waiting! Reply CLAIM with your address to receive it within 24hrs.
spam,"Dear customer, your engineering delivery #3936 is on hold. Pay $54 customs fee at http://freegift.co to release it."
spam,You have been selected to receive a FREE office worth $7498. Reply YES to claim now!
spam,"FREE entry to win a marketing! Text WIN to 08712300220 now, ref 374. Limited time offer!"
ham,Quick question about the Vacation assignment - is it due 6 PM or tonight?
spam,"WIN a brand new office this week, entry 2840! Enter now at http://bonus-cash.online. T&Cs apply."
spam,URGENT: Your bank account 6265 needs verification. Click http://verify-account.net immediately to avoid suspension.
spam,"Exclusive deal #6813: Get a Laptop for just $40. Limited stock, order at http://secure-update.info now!"
spam,"Dear customer, your finance delivery #4210 is on hold. Pay $75 customs fee at http://claim-prize.com to release it."
spam,"Dear customer, your Tablet delivery #4210 is on hold. Pay $33 customs fee at http://freegift.co to release it."
spam,Your prize of finance (ref 4347) is waiting! Reply CLAIM with your address to receive it within 24hrs.
spam,"Limited offer! Buy now and get 75% discount on Laptop, code 8183. Click http://verify-account.net to order!"
ham,"Can you send me the garden report by 9 AM? Thanks, it's for the tonight meeting."
ham,"Don't forget to pick up milk, bread and Smart TV on your way home around noon."
spam,"Limited offer! Buy now and get 75% discount on iPhone, code 8183. Click http://win-now.biz to order!"
spam,"You have a missed call from 07786200117, case 5580. To know who called, dial back now for $1.50/min."
ham,"I just finished the Vacation assignment, do you want to go over it together at 5:30 PM?"
ham,Can you pick me up from the client station at 10 AM? My train arrives then.
spam,"Special promo just for you, voucher 7224! Get 5% off all products. Use code SAVE7224 at http://verify-account.net"
spam,CONGRATULATIONS! You've been chosen for a FREE Smart TV voucher worth $511. Claim at http://reward-center.xyz
spam,"Congratulations! You've WON a project prize. Call 09064011000 now to claim your reward, offer code 6676!"
spam,"You have a missed call from 09058094594, case 1607. To know who called, dial back now for $1.50/min."
spam,"Claim your FREE garden now, code 68! Text CLAIM to 09061701461. Offer expires today!"
spam,CONGRATULATIONS! You've been chosen for a FREE groceries voucher worth $1607. Claim at http://claim-prize.com
ham,"The weather looks great for the weekend, want to go Cash hiking at 11 AM?"
ham,"Thanks for the help with the Tablet project yesterday, really appreciated it."
spam,"Exclusive deal #511: Get a sales for just $26. Limited stock, order at http://bonus-cash.online now!"
spam,"Exclusive deal #6265: Get a client for just $61. Limited stock, order at http://claim-prize.com now!"
spam,"FREE entry to win a garden! Text WIN to 07786200117 now, ref 7361. Limited time offer!"
ham,Are you free for a quick call at 7 PM? Want to discuss the downtown budget.
spam,"Dear customer, your office delivery #1333 is on hold. Pay $75 customs fee at http://freegift.co to release it."
ham,"Thanks for engineering dinner last night, the food was amazing, see you at 1 PM."
spam,Congratulations! You've won $7635 in our weekly draw #12. Send your bank details to claim.
ham,Could you forward the Tablet invoice from next week? I need it for accounting.
ham,"Don't forget to pick up milk, bread and project on your way home around 1 PM."
spam,"Limited offer! Buy now and get 82% discount on team, code 237. Click http://win-now.biz to order!"
ham,"I updated the finance spreadsheet with the latest numbers, please check before 3 PM."
spam,"Your loan of $6539 has been approved! No credit check required. Call 07911123456 today, ref 61!"
ham,"Sure, I'll see you at the sales gym at 11 AM for our usual session."
spam,"Exclusive deal #4073: Get a project for just $12. Limited stock, order at http://bonus-cash.online now!"
spam,URGENT! Your account 2566 has been suspended. Click here to verify: http://reward-center.xyz
ham,Are you free for a quick call at 1 PM? Want to discuss the Holiday budget.
spam,Make money fast! Investment opportunity #9142 guarantees 54% returns. Reply for details.
ham,"The weekend package was delivered today around 6 PM, thanks for ordering it for me."
ham,"Let's grab design coffee before the meeting at 10 AM, I have something to discuss."
ham,"Sure, I'll see you at the project gym at 7 PM for our usual session."
spam,"Your loan of $2703 has been approved! No credit check required. Call 09064011000 today, ref 40!"
spam,URGENT! Your account 8457 has been suspended. Click here to verify: http://secure-update.info
spam,URGENT! Your account 6676 has been suspended. Click here to verify: http://verify-account.net
ham,"The weather looks great for the weekend, want to go Cash hiking at 6 PM?"
spam,"Congratulations! You've WON a homework prize. Call 09058094594 now to claim your reward, offer code 1333!"
spam,"Special promo just for you, voucher 2429! Get 68% off all products. Use code SAVE2429 at http://reward-center.xyz"
spam,"Your loan of $2703 has been approved! No credit check required. Call 07786200117 today, ref 89!"
ham,Can we catch up this weekend at 11 AM? It's been a while since we hung out near Gift Card.
spam,"Claim your FREE Laptop now, code 61! Text CLAIM to 07786200117. Offer expires today!"
ham,"The kitchen package was delivered today around 9 AM, thanks for ordering it for me."
ham,Let's plan the Holiday trip for next month. I'll book the tickets this weekend.
spam,Your prize of kitchen (ref 1059) is waiting! Reply CLAIM with your address to receive it within 24hrs.
spam,"Get rich quick! Earn $9964 per day working from home. Visit http://claim-prize.com now, slot 75!"
ham,"I just finished the school assignment, do you want to go over it together at 8:15 AM?"
spam,"Claim your FREE groceries now, code 47! Text CLAIM to 07786200117. Offer expires today!"
spam,Congratulations! You've won $1470 in our weekly draw #61. Send your bank details to claim.
spam,You have been selected to receive a FREE school worth $5169. Reply YES to claim now!
spam,You have been selected to receive a FREE garden worth $8046. Reply YES to claim now!
ham,"Don't forget to pick up milk, bread and groceries on your way home around 9 AM."
ham,Please review the attached team document and let me know your thoughts by 1 PM.
ham,"I updated the kitchen spreadsheet with the latest numbers, please check before 6 PM."
spam,"Get rich quick! Earn $2703 per day working from home. Visit http://reward-center.xyz now, slot 26!"
ham,Please review the attached Gift Card document and let me know your thoughts by noon.
ham,"I left my Cash charger at the office, can you bring it tomorrow morning?"
spam,FINAL NOTICE 922: Outstanding payment of $922 detected. Settle immediately via http://verify-account.net to avoid legal action.
ham,"Sure, I'll see you at the weekend gym at 5:30 PM for our usual session."
ham,"Let's finalize the design schedule for next week, are you free noon?"
ham,"Mom called, she wants us to visit this Sunday at 6 PM for finance lunch."
ham,"The project package was delivered today around 8:15 AM, thanks for ordering it for me."
ham,Please review the attached garden document and let me know your thoughts by 7 PM.
ham,"Can you send me the homework report by 2 PM? Thanks, it's for the this evening meeting."
ham,"Don't forget to pick up milk, bread and Vacation on your way home around 11 AM."
ham,"I just finished the homework assignment, do you want to go over it together at 1 PM?"
spam,"Dear customer, your kitchen delivery #8594 is on hold. Pay $47 customs fee at http://secure-update.info to release it."
spam,"Get rich quick! Earn $9964 per day working from home. Visit http://freegift.co now, slot 89!"
spam,"WIN a brand new team this week, entry 9690! Enter now at http://secure-update.info. T&Cs apply."
ham,"I just finished the garden assignment, do you want to go over it together at 1 PM?"
spam,"Get rich quick! Earn $5717 per day working from home. Visit http://secure-update.info now, slot 89!"
spam,"Exclusive deal #3388: Get a Cash for just $82. Limited stock, order at http://freegift.co now!"
spam,"Limited offer! Buy now and get 26% discount on garden, code 6813. Click http://verify-account.net to order!"
spam,WINNER!! As a valued customer you have been selected to receive a client cash reward of $6128. Call 07090210034
spam,"Dear customer, your Smart TV delivery #7224 is on hold. Pay $40 customs fee at http://claim-prize.com to release it."
ham,"Hey, are we still meeting for lunch tomorrow at 4:45 PM? Let me know by next week."
ham,Can you pick me up from the client station at 7 PM? My train arrives then.
ham,"Mom called, she wants us to visit this Sunday at 2 PM for Car lunch."
spam,WINNER!! As a valued customer you have been selected to receive a Smart TV cash reward of $1470. Call 08712460324
ham,"Don't forget to pick up milk, bread and Holiday on your way home around 6 PM."
spam,Last chance! Your subscription 9553 expires today. Renew now at http://reward-center.xyz to avoid 54% penalty.
ham,Could you forward the groceries invoice from this evening? I need it for accounting.
spam,"FREE entry to win a marketing! Text WIN to 08712401890 now, ref 6402. Limited time offer!"
ham,Are you free for a quick call at 2 PM? Want to discuss the Tablet budget.
spam,Your prize of office (ref 7087) is waiting! Reply CLAIM with your address to receive it within 24hrs.
spam,"Dear customer, your Laptop delivery #4895 is on hold. Pay $26 customs fee at http://secure-update.info to release it."
spam,FREE RINGTONES! Text TONE2429 to 09064011000 to download the latest hits for free!
ham,"I left my client charger at the office, can you bring it tomorrow morning?"
ham,"Sure, I'll see you at the groceries gym at 5:30 PM for our usual session."
spam,FREE RINGTONES! Text TONE3251 to 08712460324 to download the latest hits for free!
ham,"Great job on the Vacation presentation today at 3 PM, the client was really impressed."
ham,Reminder: Your appointment with the groceries doctor is scheduled for 8:15 AM tomorrow.
spam,Make money fast! Investment opportunity #9827 guarantees 68% returns. Reply for details.
spam,"Hot singles in your area are waiting to chat with you, ID 6402! Click http://reward-center.xyz now!!!"
spam,"Hot singles in your area are waiting to chat with you, ID 9964! Click http://win-now.biz now!!!"
ham,Let's plan the Smart TV trip for next month. I'll book the tickets this weekend.
ham,Are you free for a quick call at 6 PM? Want to discuss the Holiday budget.
ham,Could you send me the iPhone notes from today's class? I missed the part around 6 PM.
spam,FINAL NOTICE 8594: Outstanding payment of $8594 detected. Settle immediately via http://verify-account.net to avoid legal action.
ham,Let's plan the kitchen trip for next month. I'll book the tickets this weekend.
spam,WINNER!! As a valued customer you have been selected to receive a Holiday cash reward of $8731. Call 09061701461
spam,"Hot singles in your area are waiting to chat with you, ID 7498! Click http://reward-center.xyz now!!!"
ham,The meeting has been rescheduled to 9 AM in the Car conference room.
spam,Make money fast! Investment opportunity #9416 guarantees 75% returns. Reply for details.
spam,FREE RINGTONES! Text TONE2292 to 08712401890 to download the latest hits for free!
spam,"Your loan of $2977 has been approved! No credit check required. Call 08712300220 today, ref 89!"
spam,"You have a missed call from 08001234567, case 8046. To know who called, dial back now for $1.50/min."
spam,Congratulations! You've won $3525 in our weekly draw #68. Send your bank details to claim.
spam,URGENT: Your bank account 6676 needs verification. Click http://reward-center.xyz immediately to avoid suspension.
spam,WINNER!! As a valued customer you have been selected to receive a project cash reward of $8594. Call 07911123456
ham,"The team package was delivered today around 4:45 PM, thanks for ordering it for me."
ham,"I'm running about 10 minutes late for the 1 PM meeting, traffic near sales is bad."
spam,URGENT! Your account 374 has been suspended. Click here to verify: http://reward-center.xyz
spam,"FREE entry to win a Laptop! Text WIN to 08001234567 now, ref 1333. Limited time offer!"
spam,"Limited offer! Buy now and get 75% discount on garden, code 4484. Click http://freegift.co to order!"
spam,CONGRATULATIONS! You've been chosen for a FREE downtown voucher worth $5443. Claim at http://secure-update.info
ham,Quick question about the Holiday assignment - is it due 8:15 AM or this evening?
spam,"Claim your FREE weekend now, code 61! Text CLAIM to 09064011000. Offer expires today!"
ham,"Can you send me the team report by noon? Thanks, it's for the next week meeting."
ham,"Let's finalize the homework schedule for next week, are you free noon?"
spam,You've earned 33 reward points worth $8731! Redeem now at http://reward-center.xyz before they expire.
spam,"Limited offer! Buy now and get 54% discount on kitchen, code 4210. Click http://claim-prize.com to order!"
spam,"Exclusive deal #1607: Get a downtown for just $40. Limited stock, order at http://freegift.co now!"
spam,"Hot singles in your area are waiting to chat with you, ID 3525! Click http://verify-account.net now!!!"
spam,"Claim your FREE finance now, code 82! Text CLAIM to 08712460324. Offer expires today!"
ham,"I left my Gift Card charger at the office, can you bring it tomorrow morning?"
ham,"Hey, are we still meeting for lunch tomorrow at 3 PM? Let me know by end of day."
spam,Make money fast! Investment opportunity #3114 guarantees 68% returns. Reply for details.
ham,Reminder: Your appointment with the kitchen doctor is scheduled for 8:15 AM tomorrow.
spam,ALERT 8046: Unusual activity detected on your account. Verify now at http://secure-update.info or account will be locked.
spam,URGENT: Your bank account 9827 needs verification. Click http://claim-prize.com immediately to avoid suspension.
spam,"WIN a brand new Smart TV this week, entry 9690! Enter now at http://win-now.biz. T&Cs apply."
ham,"I updated the homework spreadsheet with the latest numbers, please check before noon."
spam,"Special promo just for you, voucher 1881! Get 89% off all products. Use code SAVE1881 at http://freegift.co"
spam,You've earned 47 reward points worth $785! Redeem now at http://freegift.co before they expire.
ham,Are you free for a quick call at 8:15 AM? Want to discuss the office budget.
ham,Can we catch up this weekend at 2 PM? It's been a while since we hung out near finance.
spam,FINAL NOTICE 2155: Outstanding payment of $2155 detected. Settle immediately via http://freegift.co to avoid legal action.
ham,"Great job on the school presentation today at 9 AM, the client was really impressed."
spam,You've earned 89 reward points worth $5169! Redeem now at http://claim-prize.com before they expire.
spam,FREE RINGTONES! Text TONE6402 to 09058094594 to download the latest hits for free!
spam,Make money fast! Investment opportunity #8594 guarantees 19% returns. Reply for details.
ham,"Let's grab school coffee before the meeting at 7 PM, I have something to discuss."
spam,FREE RINGTONES! Text TONE6676 to 07911123456 to download the latest hits for free!
ham,"Can you send me the Smart TV report by 1 PM? Thanks, it's for the Friday meeting."
spam,"Your loan of $7498 has been approved! No credit check required. Call 07911123456 today, ref 61!"
ham,Are you free for a quick call at 6 PM? Want to discuss the Tablet budget.
spam,"Dear customer, your design delivery #511 is on hold. Pay $82 customs fee at http://freegift.co to release it."
ham,"Great job on the sales presentation today at 1 PM, the client was really impressed."
ham,"Just checking in, how are you feeling after the Vacation? Call me at 11 AM."
spam,"Exclusive deal #5717: Get a weekend for just $54. Limited stock, order at http://reward-center.xyz now!"
ham,"The client package was delivered today around 9 AM, thanks for ordering it for me."
ham,Could you send me the finance notes from today's class? I missed the part around 3 PM.
ham,"Great job on the downtown presentation today at 9 AM, the client was really impressed."
ham,Can we catch up this weekend at 9 AM? It's been a while since we hung out near engineering.
ham,Quick question about the Tablet assignment - is it due 9 AM or tonight?
ham,"The weather looks great for the weekend, want to go project hiking at 6 PM?"
spam,"FREE entry to win a Car! Text WIN to 08001234567 now, ref 3114. Limited time offer!"
spam,Your prize of engineering (ref 9279) is waiting! Reply CLAIM with your address to receive it within 24hrs.
ham,Could you forward the Smart TV invoice from next week? I need it for accounting.
ham,"Thanks for the help with the finance project yesterday, really appreciated it."
ham,"The weather looks great for the weekend, want to go project hiking at 4:45 PM?"
ham,"Hope your Laptop interview at noon went well, let me know how it went!"
spam,URGENT! Your account 1881 has been suspended. Click here to verify: http://secure-update.info
ham,Can we catch up this weekend at 10 AM? It's been a while since we hung out near Tablet.
ham,Are you free for a quick call at 6 PM? Want to discuss the sales budget.
ham,"I updated the Gift Card spreadsheet with the latest numbers, please check before 3 PM."
ham,Please review the attached groceries document and let me know your thoughts by 1 PM.
ham,"I'm running about 10 minutes late for the 1 PM meeting, traffic near weekend is bad."
spam,You've earned 75 reward points worth $1470! Redeem now at http://reward-center.xyz before they expire.
spam,You have been selected to receive a FREE Gift Card worth $7498. Reply YES to claim now!
ham,"Just checking in, how are you feeling after the downtown? Call me at 9 AM."
spam,Make money fast! Investment opportunity #3799 guarantees 12% returns. Reply for details.
ham,Please review the attached garden document and let me know your thoughts by 11 AM.
ham,Can we catch up this weekend at 3 PM? It's been a while since we hung out near Laptop.
spam,Congratulations! You've won $3799 in our weekly draw #89. Send your bank details to claim.
spam,"WIN a brand new client this week, entry 8868! Enter now at http://reward-center.xyz. T&Cs apply."
spam,"Congratulations! You've WON a Car prize. Call 07090210034 now to claim your reward, offer code 7224!"
ham,"The weather looks great for the weekend, want to go garden hiking at 3 PM?"
spam,"Special promo just for you, voucher 7498! Get 12% off all products. Use code SAVE7498 at http://secure-update.info"
spam,URGENT: Your bank account 1196 needs verification. Click http://secure-update.info immediately to avoid suspension.
spam,Congratulations! You've won $9553 in our weekly draw #19. Send your bank details to claim.
spam,You have been selected to receive a FREE design worth $8594. Reply YES to claim now!
ham,Quick question about the Holiday assignment - is it due 3 PM or this evening?
spam,FREE RINGTONES! Text TONE4210 to 07786200117 to download the latest hits for free!
spam,"Get rich quick! Earn $9827 per day working from home. Visit http://win-now.biz now, slot 26!"
spam,Your prize of Gift Card (ref 6539) is waiting! Reply CLAIM with your address to receive it within 24hrs.
spam,"Special promo just for you, voucher 5580! Get 68% off all products. Use code SAVE5580 at http://bonus-cash.online"
spam,"FREE entry to win a school! Text WIN to 08712401890 now, ref 8868. Limited time offer!"
ham,"The project package was delivered today around 4:45 PM, thanks for ordering it for me."
spam,Last chance! Your subscription 1881 expires today. Renew now at http://freegift.co to avoid 26% penalty.
ham,"The sales package was delivered today around 10 AM, thanks for ordering it for me."
ham,"Mom called, she wants us to visit this Sunday at 10 AM for design lunch."
ham,"Hey, are we still meeting for lunch tomorrow at 2 PM? Let me know by tonight."
ham,"The weather looks great for the weekend, want to go team hiking at noon?"
ham,Quick question about the project assignment - is it due 6 PM or Monday?
ham,Are you free for a quick call at 2 PM? Want to discuss the client budget.
spam,"Exclusive deal #9827: Get a Smart TV for just $40. Limited stock, order at http://bonus-cash.online now!"
ham,Can we catch up this weekend at 5:30 PM? It's been a while since we hung out near Tablet.
ham,The meeting has been rescheduled to noon in the design conference room.
ham,"Hope your office interview at 3 PM went well, let me know how it went!"
ham,Reminder: Your appointment with the garden doctor is scheduled for 5:30 PM tomorrow.
spam,"Your loan of $8868 has been approved! No credit check required. Call 08712460324 today, ref 82!"
spam,"WIN a brand new school this week, entry 4210! Enter now at http://secure-update.info. T&Cs apply."
spam,"Hot singles in your area are waiting to chat with you, ID 7772! Click http://win-now.biz now!!!"
ham,Can you pick me up from the Holiday station at 7 PM? My train arrives then.
ham,"Hey, are we still meeting for lunch tomorrow at 11 AM? Let me know by tomorrow morning."
ham,"Let's grab client coffee before the meeting at 8:15 AM, I have something to discuss."
spam,"Special promo just for you, voucher 4484! Get 26% off all products. Use code SAVE4484 at http://verify-account.net"
spam,"Claim your FREE downtown now, code 47! Text CLAIM to 08712300220. Offer expires today!"
spam,Congratulations! You've won $5032 in our weekly draw #26. Send your bank details to claim.
spam,Congratulations! You've won $6539 in our weekly draw #54. Send your bank details to claim.
ham,"Thanks for marketing dinner last night, the food was amazing, see you at 4:45 PM."
ham,"Let's finalize the kitchen schedule for next week, are you free 9 AM?"
spam,"Dear customer, your Smart TV delivery #2703 is on hold. Pay $5 customs fee at http://secure-update.info to release it."
spam,URGENT! Your account 7361 has been suspended. Click here to verify: http://claim-prize.com
spam,"Claim your FREE office now, code 82! Text CLAIM to 08712401890. Offer expires today!"
spam,"WIN a brand new finance this week, entry 1881! Enter now at http://freegift.co. T&Cs apply."
ham,"Just checking in, how are you feeling after the iPhone? Call me at 9 AM."
spam,"Dear customer, your groceries delivery #648 is on hold. Pay $54 customs fee at http://win-now.biz to release it."
spam,FINAL NOTICE 1881: Outstanding payment of $1881 detected. Settle immediately via http://win-now.biz to avoid legal action.
spam,FREE RINGTONES! Text TONE511 to 09064011000 to download the latest hits for free!
ham,Can you pick me up from the school station at 9 AM? My train arrives then.
spam,"You have a missed call from 07090210034, case 6813. To know who called, dial back now for $1.50/min."
spam,"You have a missed call from 09058094594, case 5032. To know who called, dial back now for $1.50/min."
ham,"Let's grab sales coffee before the meeting at 5:30 PM, I have something to discuss."
ham,"I'm running about 10 minutes late for the 11 AM meeting, traffic near iPhone is bad."
ham,Could you send me the client notes from today's class? I missed the part around 3 PM.
ham,Reminder: Your appointment with the Car doctor is scheduled for 8:15 AM tomorrow.
ham,Can we catch up this weekend at 1 PM? It's been a while since we hung out near Vacation.
ham,The meeting has been rescheduled to 1 PM in the downtown conference room.
spam,"FREE entry to win a Tablet! Text WIN to 08001234567 now, ref 3799. Limited time offer!"
spam,"Your loan of $2977 has been approved! No credit check required. Call 08712300220 today, ref 61!"
spam,FREE RINGTONES! Text TONE3936 to 09058094594 to download the latest hits for free!
ham,Quick question about the engineering assignment - is it due 8:15 AM or next week?
spam,"FREE entry to win a Holiday! Text WIN to 09064011000 now, ref 8868. Limited time offer!"
spam,CONGRATULATIONS! You've been chosen for a FREE Holiday voucher worth $9553. Claim at http://secure-update.info
spam,FINAL NOTICE 9553: Outstanding payment of $9553 detected. Settle immediately via http://claim-prize.com to avoid legal action.
spam,Congratulations! You've won $6676 in our weekly draw #68. Send your bank details to claim.
ham,"Happy birthday! Hope you have a wonderful day, see you at 4:45 PM for the party."
ham,Let's plan the team trip for next month. I'll book the tickets this weekend.
ham,Can you pick me up from the project station at noon? My train arrives then.
ham,"Just checking in, how are you feeling after the marketing? Call me at 11 AM."
spam,"WIN a brand new finance this week, entry 2840! Enter now at http://bonus-cash.online. T&Cs apply."
spam,Congratulations! You've won $8457 in our weekly draw #68. Send your bank details to claim.
spam,FINAL NOTICE 6676: Outstanding payment of $6676 detected. Settle immediately via http://reward-center.xyz to avoid legal action.
spam,You have been selected to receive a FREE team worth $8046. Reply YES to claim now!
spam,"You have a missed call from 07090210034, case 4347. To know who called, dial back now for $1.50/min."
ham,"Sure, I'll see you at the office gym at 5:30 PM for our usual session."
ham,"I just finished the Cash assignment, do you want to go over it together at 2 PM?"
ham,"Thanks for the help with the Vacation project yesterday, really appreciated it."
spam,Congratulations! You've won $2155 in our weekly draw #54. Send your bank details to claim.
spam,"Special promo just for you, voucher 6950! Get 12% off all products. Use code SAVE6950 at http://win-now.biz"
ham,"Thanks for the help with the client project yesterday, really appreciated it."
ham,Can we catch up this weekend at noon? It's been a while since we hung out near finance.
ham,"The weather looks great for the weekend, want to go Tablet hiking at 3 PM?"
ham,Let's plan the Cash trip for next month. I'll book the tickets this weekend.
spam,"Claim your FREE client now, code 26! Text CLAIM to 08001234567. Offer expires today!"
ham,Reminder: Your appointment with the design doctor is scheduled for 6 PM tomorrow.
ham,"Happy birthday! Hope you have a wonderful day, see you at 2 PM for the party."
spam,WINNER!! As a valued customer you have been selected to receive a downtown cash reward of $7498. Call 09064011000
ham,Quick question about the Car assignment - is it due 5:30 PM or this evening?
spam,You have been selected to receive a FREE design worth $9690. Reply YES to claim now!
ham,"Thanks for Car dinner last night, the food was amazing, see you at noon."
spam,Congratulations! You've won $4621 in our weekly draw #19. Send your bank details to claim.
spam,WINNER!! As a valued customer you have been selected to receive a office cash reward of $8868. Call 09058094594
ham,The meeting has been rescheduled to noon in the downtown conference room.
spam,"Hot singles in your area are waiting to chat with you, ID 5717! Click http://claim-prize.com now!!!"
spam,You've earned 40 reward points worth $9827! Redeem now at http://claim-prize.com before they expire.
ham,"Thanks for office dinner last night, the food was amazing, see you at noon."
spam,"Your loan of $1881 has been approved! No credit check required. Call 07786200117 today, ref 75!"
spam,Your prize of garden (ref 374) is waiting! Reply CLAIM with your address to receive it within 24hrs.
ham,"Great job on the finance presentation today at 1 PM, the client was really impressed."
ham,"The weather looks great for the weekend, want to go Smart TV hiking at 9 AM?"
spam,You have been selected to receive a FREE client worth $9553. Reply YES to claim now!
spam,"Your loan of $9142 has been approved! No credit check required. Call 08712401890 today, ref 61!"
ham,"I updated the weekend spreadsheet with the latest numbers, please check before 1 PM."
ham,"Don't forget to pick up milk, bread and finance on your way home around 8:15 AM."
spam,WINNER!! As a valued customer you have been selected to receive a downtown cash reward of $9827. Call 09061701461
ham,"I updated the office spreadsheet with the latest numbers, please check before 8:15 AM."
spam,You've earned 19 reward points worth $7498! Redeem now at http://secure-update.info before they expire.
ham,"Hey, are we still meeting for lunch tomorrow at 5:30 PM? Let me know by tonight."
spam,"WIN a brand new weekend this week, entry 3388! Enter now at http://freegift.co. T&Cs apply."
ham,Can we catch up this weekend at 4:45 PM? It's been a while since we hung out near Smart TV.
spam,URGENT! Your account 7772 has been suspended. Click here to verify: http://secure-update.info
ham,"Great job on the sales presentation today at 6 PM, the client was really impressed."
spam,Make money fast! Investment opportunity #2566 guarantees 40% returns. Reply for details.
spam,URGENT: Your bank account 6676 needs verification. Click http://secure-update.info immediately to avoid suspension.
spam,ALERT 7772: Unusual activity detected on your account. Verify now at http://freegift.co or account will be locked.
ham,"Hope your Car interview at 3 PM went well, let me know how it went!"
spam,You have been selected to receive a FREE Smart TV worth $3251. Reply YES to claim now!
spam,WINNER!! As a valued customer you have been selected to receive a marketing cash reward of $9690. Call 09058094594
spam,FREE RINGTONES! Text TONE8731 to 07090210034 to download the latest hits for free!
spam,"Special promo just for you, voucher 6402! Get 40% off all products. Use code SAVE6402 at http://verify-account.net"
spam,URGENT! Your account 5580 has been suspended. Click here to verify: http://win-now.biz
spam,FINAL NOTICE 5032: Outstanding payment of $5032 detected. Settle immediately via http://reward-center.xyz to avoid legal action.
ham,"Can you send me the marketing report by noon? Thanks, it's for the Friday meeting."
ham,"I left my Holiday charger at the office, can you bring it tomorrow morning?"
ham,"I updated the design spreadsheet with the latest numbers, please check before 10 AM."
ham,"Just checking in, how are you feeling after the team? Call me at 1 PM."
spam,FINAL NOTICE 3799: Outstanding payment of $3799 detected. Settle immediately via http://secure-update.info to avoid legal action.
spam,Your prize of groceries (ref 3799) is waiting! Reply CLAIM with your address to receive it within 24hrs.
spam,"Your loan of $2977 has been approved! No credit check required. Call 07090210034 today, ref 5!"
ham,Can you pick me up from the marketing station at noon? My train arrives then.
spam,URGENT! Your account 648 has been suspended. Click here to verify: http://reward-center.xyz
ham,Can you pick me up from the Laptop station at 1 PM? My train arrives then.
ham,"I just finished the Tablet assignment, do you want to go over it together at 11 AM?"
spam,You've earned 75 reward points worth $2566! Redeem now at http://win-now.biz before they expire.
spam,CONGRATULATIONS! You've been chosen for a FREE Holiday voucher worth $9005. Claim at http://win-now.biz
spam,You've earned 33 reward points worth $5580! Redeem now at http://reward-center.xyz before they expire.
spam,"WIN a brand new Smart TV this week, entry 8457! Enter now at http://verify-account.net. T&Cs apply."
spam,"You have a missed call from 08001234567, case 1881. To know who called, dial back now for $1.50/min."
ham,Could you send me the Car notes from today's class? I missed the part around 8:15 AM.
ham,"Hey, are we still meeting for lunch tomorrow at 6 PM? Let me know by Monday."
ham,"I'm running about 10 minutes late for the 11 AM meeting, traffic near Gift Card is bad."
spam,"You have a missed call from 08001234567, case 4484. To know who called, dial back now for $1.50/min."
spam,"Claim your FREE client now, code 33! Text CLAIM to 09058094594. Offer expires today!"
ham,"Just checking in, how are you feeling after the school? Call me at 6 PM."
spam,"Your loan of $1744 has been approved! No credit check required. Call 09058094594 today, ref 5!"
spam,"Special promo just for you, voucher 2018! Get 40% off all products. Use code SAVE2018 at http://verify-account.net"
ham,"I left my marketing charger at the office, can you bring it tomorrow morning?"
spam,FINAL NOTICE 7361: Outstanding payment of $7361 detected. Settle immediately via http://win-now.biz to avoid legal action.
spam,"WIN a brand new finance this week, entry 9142! Enter now at http://bonus-cash.online. T&Cs apply."
ham,"The weather looks great for the weekend, want to go kitchen hiking at 7 PM?"
spam,"Claim your FREE Cash now, code 19! Text CLAIM to 09058094594. Offer expires today!"
spam,CONGRATULATIONS! You've been chosen for a FREE marketing voucher worth $2977. Claim at http://verify-account.net
ham,"Thanks for the help with the homework project yesterday, really appreciated it."
spam,Your prize of garden (ref 3388) is waiting! Reply CLAIM with your address to receive it within 24hrs.
spam,"You have a missed call from 09061701461, case 1744. To know who called, dial back now for $1.50/min."
spam,Make money fast! Investment opportunity #1744 guarantees 61% returns. Reply for details.
ham,"Sure, I'll see you at the design gym at 9 AM for our usual session."
spam,FINAL NOTICE 8320: Outstanding payment of $8320 detected. Settle immediately via http://reward-center.xyz to avoid legal action.
spam,Congratulations! You've won $4484 in our weekly draw #61. Send your bank details to claim.
ham,"Great job on the project presentation today at 3 PM, the client was really impressed."
ham,Please review the attached garden document and let me know your thoughts by 9 AM.
ham,"Hey, are we still meeting for lunch tomorrow at 10 AM? Let me know by next week."
spam,FREE RINGTONES! Text TONE9690 to 09058094594 to download the latest hits for free!
ham,Could you forward the school invoice from tomorrow morning? I need it for accounting.
ham,Reminder: Your appointment with the Smart TV doctor is scheduled for 6 PM tomorrow.
spam,Your prize of Laptop (ref 9553) is waiting! Reply CLAIM with your address to receive it within 24hrs.
spam,"Hot singles in your area are waiting to chat with you, ID 2018! Click http://bonus-cash.online now!!!"
spam,"WIN a brand new school this week, entry 3251! Enter now at http://verify-account.net. T&Cs apply."
ham,"I just finished the homework assignment, do you want to go over it together at 10 AM?"
ham,"Hope your downtown interview at 1 PM went well, let me know how it went!"
ham,"Thanks for school dinner last night, the food was amazing, see you at 11 AM."
ham,Reminder: Your appointment with the client doctor is scheduled for 2 PM tomorrow.
spam,"Dear customer, your Gift Card delivery #2292 is on hold. Pay $61 customs fee at http://claim-prize.com to release it."
spam,CONGRATULATIONS! You've been chosen for a FREE Gift Card voucher worth $8731. Claim at http://bonus-cash.online
ham,"Hey, are we still meeting for lunch tomorrow at 9 AM? Let me know by tonight."
ham,"Just checking in, how are you feeling after the design? Call me at 7 PM."
ham,Let's plan the Laptop trip for next month. I'll book the tickets this weekend.
spam,"Limited offer! Buy now and get 89% discount on Gift Card, code 1607. Click http://freegift.co to order!"
spam,"Get rich quick! Earn $1333 per day working from home. Visit http://reward-center.xyz now, slot 19!"
spam,"Special promo just for you, voucher 6676! Get 19% off all products. Use code SAVE6676 at http://bonus-cash.online"
spam,"FREE entry to win a project! Text WIN to 07911123456 now, ref 2429. Limited time offer!"
ham,"Can you send me the Car report by 7 PM? Thanks, it's for the tomorrow morning meeting."
ham,"Just checking in, how are you feeling after the groceries? Call me at 8:15 AM."
spam,Your prize of Tablet (ref 511) is waiting! Reply CLAIM with your address to receive it within 24hrs.
spam,"Hot singles in your area are waiting to chat with you, ID 3388! Click http://claim-prize.com now!!!"
ham,"Can you send me the downtown report by 2 PM? Thanks, it's for the this evening meeting."
ham,"Don't forget to pick up milk, bread and Smart TV on your way home around 2 PM."
spam,"Dear customer, your Cash delivery #5306 is on hold. Pay $75 customs fee at http://secure-update.info to release it."
spam,"Get rich quick! Earn $8183 per day working from home. Visit http://freegift.co now, slot 26!"
ham,"The weather looks great for the weekend, want to go Tablet hiking at 8:15 AM?"
ham,"Just checking in, how are you feeling after the Laptop? Call me at 5:30 PM."
ham,"Hope your Smart TV interview at 8:15 AM went well, let me know how it went!"
ham,"Great job on the project presentation today at 6 PM, the client was really impressed."
ham,"The weather looks great for the weekend, want to go Gift Card hiking at 3 PM?"
ham,"Thanks for the help with the Gift Card project yesterday, really appreciated it."
ham,"Thanks for Holiday dinner last night, the food was amazing, see you at 7 PM."
spam,You have been selected to receive a FREE marketing worth $785. Reply YES to claim now!
ham,"I'm running about 10 minutes late for the 7 PM meeting, traffic near Cash is bad."
spam,"WIN a brand new engineering this week, entry 1470! Enter now at http://secure-update.info. T&Cs apply."
ham,"I left my Smart TV charger at the office, can you bring it tomorrow morning?"
spam,You've earned 75 reward points worth $1744! Redeem now at http://secure-update.info before they expire.
spam,Your prize of downtown (ref 7498) is waiting! Reply CLAIM with your address to receive it within 24hrs.
ham,Could you forward the homework invoice from tonight? I need it for accounting.
spam,"Hot singles in your area are waiting to chat with you, ID 1333! Click http://bonus-cash.online now!!!"
ham,"Thanks for Laptop dinner last night, the food was amazing, see you at 8:15 AM."
ham,"The weather looks great for the weekend, want to go garden hiking at 10 AM?"
ham,"Can you send me the office report by 2 PM? Thanks, it's for the this evening meeting."
ham,"Thanks for the help with the groceries project yesterday, really appreciated it."
spam,"Get rich quick! Earn $3799 per day working from home. Visit http://secure-update.info now, slot 75!"
spam,FREE RINGTONES! Text TONE8594 to 09064011000 to download the latest hits for free!
ham,Could you forward the finance invoice from Friday? I need it for accounting.
ham,Can you pick me up from the client station at 6 PM? My train arrives then.
spam,URGENT: Your bank account 9005 needs verification. Click http://claim-prize.com immediately to avoid suspension.
spam,FINAL NOTICE 9416: Outstanding payment of $9416 detected. Settle immediately via http://bonus-cash.online to avoid legal action.
ham,"Can you send me the Vacation report by 1 PM? Thanks, it's for the next week meeting."
spam,Last chance! Your subscription 5991 expires today. Renew now at http://bonus-cash.online to avoid 75% penalty.
ham,Could you send me the weekend notes from today's class? I missed the part around 3 PM.
spam,WINNER!! As a valued customer you have been selected to receive a Tablet cash reward of $2018. Call 09058094594
spam,You've earned 19 reward points worth $5580! Redeem now at http://win-now.biz before they expire.
spam,Make money fast! Investment opportunity #4347 guarantees 12% returns. Reply for details.
ham,Are you free for a quick call at 5:30 PM? Want to discuss the client budget.
spam,Last chance! Your subscription 9827 expires today. Renew now at http://claim-prize.com to avoid 47% penalty.
spam,"Your loan of $9690 has been approved! No credit check required. Call 08712460324 today, ref 68!"
ham,Are you free for a quick call at 5:30 PM? Want to discuss the finance budget.
ham,Are you free for a quick call at 1 PM? Want to discuss the client budget.
ham,"Sure, I'll see you at the team gym at 2 PM for our usual session."
ham,"Don't forget to pick up milk, bread and weekend on your way home around 5:30 PM."
spam,"FREE entry to win a homework! Text WIN to 08712401890 now, ref 8046. Limited time offer!"
ham,"Let's grab finance coffee before the meeting at 7 PM, I have something to discuss."
ham,The meeting has been rescheduled to 8:15 AM in the Gift Card conference room.
ham,"Let's grab office coffee before the meeting at 1 PM, I have something to discuss."
ham,Are you free for a quick call at 8:15 AM? Want to discuss the Laptop budget.
ham,"I just finished the Laptop assignment, do you want to go over it together at 5:30 PM?"
ham,Could you send me the finance notes from today's class? I missed the part around 1 PM.
ham,"Don't forget to pick up milk, bread and Tablet on your way home around 7 PM."
spam,"Limited offer! Buy now and get 19% discount on weekend, code 3251. Click http://reward-center.xyz to order!"
ham,"Just checking in, how are you feeling after the Holiday? Call me at 1 PM."
spam,CONGRATULATIONS! You've been chosen for a FREE engineering voucher worth $6813. Claim at http://reward-center.xyz
ham,"Just checking in, how are you feeling after the Tablet? Call me at 2 PM."
ham,The meeting has been rescheduled to 4:45 PM in the Vacation conference room.
ham,"The weather looks great for the weekend, want to go iPhone hiking at 1 PM?"
spam,"Limited offer! Buy now and get 89% discount on homework, code 9827. Click http://freegift.co to order!"
spam,"Special promo just for you, voucher 2566! Get 26% off all products. Use code SAVE2566 at http://win-now.biz"
ham,"Let's finalize the downtown schedule for next week, are you free noon?"
spam,You have been selected to receive a FREE marketing worth $9416. Reply YES to claim now!
spam,"Dear customer, your kitchen delivery #4347 is on hold. Pay $40 customs fee at http://bonus-cash.online to release it."
spam,"Dear customer, your finance delivery #5717 is on hold. Pay $68 customs fee at http://win-now.biz to release it."
ham,"Thanks for the help with the garden project yesterday, really appreciated it."
ham,Could you forward the weekend invoice from this evening? I need it for accounting.
ham,"Happy birthday! Hope you have a wonderful day, see you at 8:15 AM for the party."
spam,"Your loan of $5169 has been approved! No credit check required. Call 09061701461 today, ref 82!"
spam,Your prize of Gift Card (ref 3662) is waiting! Reply CLAIM with your address to receive it within 24hrs.
spam,"You have a missed call from 07090210034, case 9553. To know who called, dial back now for $1.50/min."
spam,ALERT 6813: Unusual activity detected on your account. Verify now at http://bonus-cash.online or account will be locked.
ham,"Don't forget to pick up milk, bread and homework on your way home around 11 AM."
spam,"Your loan of $7498 has been approved! No credit check required. Call 09058094594 today, ref 61!"
ham,Quick question about the Vacation assignment - is it due 6 PM or this evening?
ham,"I just finished the team assignment, do you want to go over it together at 2 PM?"
ham,"Let's grab Smart TV coffee before the meeting at 2 PM, I have something to discuss."
spam,"Claim your FREE marketing now, code 5! Text CLAIM to 09058094594. Offer expires today!"
ham,Can you pick me up from the school station at 4:45 PM? My train arrives then.
spam,URGENT: Your bank account 3388 needs verification. Click http://verify-account.net immediately to avoid suspension.
spam,FREE RINGTONES! Text TONE9964 to 07786200117 to download the latest hits for free!
ham,"Just checking in, how are you feeling after the iPhone? Call me at 4:45 PM."
spam,"FREE entry to win a school! Text WIN to 08712401890 now, ref 4210. Limited time offer!"
spam,"Claim your FREE weekend now, code 26! Text CLAIM to 08712401890. Offer expires today!"
ham,Are you free for a quick call at 9 AM? Want to discuss the Gift Card budget.
ham,Could you send me the Gift Card notes from today's class? I missed the part around 5:30 PM.
ham,"Can you send me the finance report by 3 PM? Thanks, it's for the Monday meeting."
ham,"I just finished the office assignment, do you want to go over it together at 10 AM?"
ham,"I will be home late today, around 1 PM. Please start dinner without me, love you."
spam,"Special promo just for you, voucher 8868! Get 61% off all products. Use code SAVE8868 at http://bonus-cash.online"
ham,Could you forward the Gift Card invoice from tonight? I need it for accounting.
spam,"WIN a brand new client this week, entry 511! Enter now at http://claim-prize.com. T&Cs apply."
spam,"Get rich quick! Earn $2429 per day working from home. Visit http://verify-account.net now, slot 33!"
spam,"Congratulations! You've WON a project prize. Call 08712460324 now to claim your reward, offer code 8594!"
ham,"Sure, I'll see you at the school gym at 10 AM for our usual session."
ham,Can you pick me up from the Car station at 3 PM? My train arrives then.
ham,"I updated the client spreadsheet with the latest numbers, please check before 3 PM."
ham,Could you send me the Smart TV notes from today's class? I missed the part around 2 PM.
ham,"I will be home late today, around 7 PM. Please start dinner without me, love you."
spam,ALERT 3114: Unusual activity detected on your account. Verify now at http://reward-center.xyz or account will be locked.
spam,Last chance! Your subscription 4758 expires today. Renew now at http://secure-update.info to avoid 47% penalty.
spam,URGENT! Your account 2155 has been suspended. Click here to verify: http://freegift.co
ham,"I left my garden charger at the office, can you bring it tomorrow morning?"
ham,"Just checking in, how are you feeling after the weekend? Call me at 4:45 PM."
ham,Can we catch up this weekend at 5:30 PM? It's been a while since we hung out near kitchen.
ham,"The marketing package was delivered today around 6 PM, thanks for ordering it for me."
spam,"Special promo just for you, voucher 2155! Get 75% off all products. Use code SAVE2155 at http://secure-update.info"
spam,"Dear customer, your Gift Card delivery #2566 is on hold. Pay $82 customs fee at http://verify-account.net to release it."
spam,FINAL NOTICE 2429: Outstanding payment of $2429 detected. Settle immediately via http://secure-update.info to avoid legal action.
spam,Your prize of sales (ref 6950) is waiting! Reply CLAIM with your address to receive it within 24hrs.
spam,ALERT 2155: Unusual activity detected on your account. Verify now at http://verify-account.net or account will be locked.
ham,"Let's finalize the office schedule for next week, are you free 10 AM?"
ham,"Let's grab marketing coffee before the meeting at 10 AM, I have something to discuss."
spam,"Exclusive deal #922: Get a kitchen for just $26. Limited stock, order at http://bonus-cash.online now!"
ham,"Let's grab office coffee before the meeting at 5:30 PM, I have something to discuss."
spam,"WIN a brand new sales this week, entry 5717! Enter now at http://reward-center.xyz. T&Cs apply."
ham,The meeting has been rescheduled to 3 PM in the design conference room.
spam,"Claim your FREE school now, code 75! Text CLAIM to 09064011000. Offer expires today!"
spam,WINNER!! As a valued customer you have been selected to receive a project cash reward of $5717. Call 07786200117
spam,CONGRATULATIONS! You've been chosen for a FREE engineering voucher worth $4758. Claim at http://freegift.co
spam,URGENT! Your account 922 has been suspended. Click here to verify: http://claim-prize.com
spam,Your prize of office (ref 2703) is waiting! Reply CLAIM with your address to receive it within 24hrs.
spam,URGENT! Your account 1744 has been suspended. Click here to verify: http://freegift.co
spam,"Get rich quick! Earn $3114 per day working from home. Visit http://reward-center.xyz now, slot 61!"
spam,"Get rich quick! Earn $7224 per day working from home. Visit http://claim-prize.com now, slot 40!"
spam,"You have a missed call from 08712300220, case 7635. To know who called, dial back now for $1.50/min."
ham,"I updated the groceries spreadsheet with the latest numbers, please check before 8:15 AM."
ham,Can you pick me up from the homework station at 5:30 PM? My train arrives then.
ham,The meeting has been rescheduled to 6 PM in the office conference room.
ham,Could you forward the Holiday invoice from Monday? I need it for accounting.
ham,"Thanks for kitchen dinner last night, the food was amazing, see you at 6 PM."
spam,Last chance! Your subscription 4073 expires today. Renew now at http://claim-prize.com to avoid 33% penalty.
ham,"Mom called, she wants us to visit this Sunday at 8:15 AM for garden lunch."
spam,CONGRATULATIONS! You've been chosen for a FREE marketing voucher worth $6950. Claim at http://bonus-cash.online
ham,"Mom called, she wants us to visit this Sunday at 6 PM for school lunch."
ham,Let's plan the downtown trip for next month. I'll book the tickets this weekend.
ham,"Can you send me the downtown report by 8:15 AM? Thanks, it's for the end of day meeting."
ham,"I left my weekend charger at the office, can you bring it tomorrow morning?"
spam,"Get rich quick! Earn $4073 per day working from home. Visit http://reward-center.xyz now, slot 61!"
ham,"The homework package was delivered today around 9 AM, thanks for ordering it for me."
ham,The meeting has been rescheduled to 3 PM in the homework conference room.
ham,Could you send me the sales notes from today's class? I missed the part around 5:30 PM.
ham,Can we catch up this weekend at 4:45 PM? It's been a while since we hung out near marketing.
ham,"Just checking in, how are you feeling after the client? Call me at 3 PM."
ham,"I updated the Laptop spreadsheet with the latest numbers, please check before 4:45 PM."
ham,"Just checking in, how are you feeling after the school? Call me at 10 AM."
ham,"Sure, I'll see you at the kitchen gym at 8:15 AM for our usual session."
spam,You've earned 82 reward points worth $8594! Redeem now at http://bonus-cash.online before they expire.
ham,"I left my Tablet charger at the office, can you bring it tomorrow morning?"
ham,Quick question about the Smart TV assignment - is it due 10 AM or tomorrow morning?
spam,WINNER!! As a valued customer you have been selected to receive a Cash cash reward of $5169. Call 07911123456
ham,"I will be home late today, around 6 PM. Please start dinner without me, love you."
spam,FREE RINGTONES! Text TONE100 to 08001234567 to download the latest hits for free!
ham,Quick question about the homework assignment - is it due 1 PM or this evening?
spam,"You have a missed call from 07911123456, case 374. To know who called, dial back now for $1.50/min."
ham,"Hey, are we still meeting for lunch tomorrow at 3 PM? Let me know by Friday."
spam,"Hot singles in your area are waiting to chat with you, ID 8868! Click http://reward-center.xyz now!!!"
ham,"The weather looks great for the weekend, want to go Holiday hiking at 10 AM?"
ham,Please review the attached marketing document and let me know your thoughts by 3 PM.
ham,"Can you send me the Vacation report by 6 PM? Thanks, it's for the next week meeting."
spam,Congratulations! You've won $4210 in our weekly draw #26. Send your bank details to claim.
ham,"Let's finalize the sales schedule for next week, are you free 1 PM?"
ham,"Sure, I'll see you at the Gift Card gym at noon for our usual session."
spam,Your prize of homework (ref 3388) is waiting! Reply CLAIM with your address to receive it within 24hrs.
ham,"Let's grab downtown coffee before the meeting at 2 PM, I have something to discuss."
ham,"I updated the sales spreadsheet with the latest numbers, please check before 11 AM."
spam,"Get rich quick! Earn $5306 per day working from home. Visit http://secure-update.info now, slot 68!"
ham,Can we catch up this weekend at 8:15 AM? It's been a while since we hung out near downtown.
spam,FREE RINGTONES! Text TONE2292 to 08712460324 to download the latest hits for free!
ham,Quick question about the Car assignment - is it due 8:15 AM or end of day?
ham,"I just finished the kitchen assignment, do you want to go over it together at 7 PM?"
spam,Last chance! Your subscription 1196 expires today. Renew now at http://claim-prize.com to avoid 54% penalty.
spam,"Hot singles in your area are waiting to chat with you, ID 7361! Click http://verify-account.net now!!!"
ham,Please review the attached project document and let me know your thoughts by 5:30 PM.
ham,Are you free for a quick call at noon? Want to discuss the finance budget.
ham,"The weather looks great for the weekend, want to go Cash hiking at 7 PM?"
spam,"You have a missed call from 08001234567, case 2155. To know who called, dial back now for $1.50/min."
spam,URGENT! Your account 9416 has been suspended. Click here to verify: http://claim-prize.com
spam,"Congratulations! You've WON a Tablet prize. Call 08712401890 now to claim your reward, offer code 7361!"
spam,Congratulations! You've won $5443 in our weekly draw #82. Send your bank details to claim.
ham,Reminder: Your appointment with the iPhone doctor is scheduled for 2 PM tomorrow.
ham,Reminder: Your appointment with the marketing doctor is scheduled for 11 AM tomorrow.
spam,WINNER!! As a valued customer you have been selected to receive a sales cash reward of $4895. Call 08712460324
spam,"Limited offer! Buy now and get 19% discount on Holiday, code 5443. Click http://freegift.co to order!"
ham,"I will be home late today, around 8:15 AM. Please start dinner without me, love you."
ham,Could you forward the Car invoice from end of day? I need it for accounting.
ham,"Don't forget to pick up milk, bread and marketing on your way home around 8:15 AM."
ham,"Hey, are we still meeting for lunch tomorrow at 8:15 AM? Let me know by Monday."
ham,"Can you send me the Gift Card report by noon? Thanks, it's for the Monday meeting."
ham,Are you free for a quick call at 6 PM? Want to discuss the weekend budget.
ham,"Can you send me the client report by 4:45 PM? Thanks, it's for the end of day meeting."
ham,Can we catch up this weekend at 7 PM? It's been a while since we hung out near Car.
ham,Can we catch up this weekend at 4:45 PM? It's been a while since we hung out near kitchen.
ham,Reminder: Your appointment with the finance doctor is scheduled for 3 PM tomorrow.
ham,"Thanks for design dinner last night, the food was amazing, see you at 3 PM."
ham,"The weather looks great for the weekend, want to go Holiday hiking at 5:30 PM?"
ham,Reminder: Your appointment with the downtown doctor is scheduled for 6 PM tomorrow.
ham,"Happy birthday! Hope you have a wonderful day, see you at 1 PM for the party."
spam,Last chance! Your subscription 5854 expires today. Renew now at http://win-now.biz to avoid 40% penalty.
spam,"Claim your FREE project now, code 89! Text CLAIM to 07786200117. Offer expires today!"
ham,Are you free for a quick call at 6 PM? Want to discuss the school budget.
spam,URGENT! Your account 1607 has been suspended. Click here to verify: http://verify-account.net
ham,"I'm running about 10 minutes late for the 2 PM meeting, traffic near groceries is bad."
spam,FREE RINGTONES! Text TONE1744 to 09061701461 to download the latest hits for free!
ham,Reminder: Your appointment with the Car doctor is scheduled for 10 AM tomorrow.
spam,"Claim your FREE Smart TV now, code 75! Text CLAIM to 09058094594. Offer expires today!"
ham,"I updated the garden spreadsheet with the latest numbers, please check before 2 PM."
ham,Quick question about the Holiday assignment - is it due 3 PM or Friday?
ham,"The weather looks great for the weekend, want to go Cash hiking at 9 AM?"
ham,Can we catch up this weekend at 4:45 PM? It's been a while since we hung out near Vacation.
ham,Quick question about the client assignment - is it due 6 PM or end of day?
ham,"Happy birthday! Hope you have a wonderful day, see you at 6 PM for the party."
spam,"Exclusive deal #7361: Get a school for just $33. Limited stock, order at http://bonus-cash.online now!"
ham,"Hey, are we still meeting for lunch tomorrow at noon? Let me know by Monday."
spam,You've earned 19 reward points worth $6950! Redeem now at http://win-now.biz before they expire.
ham,"Sure, I'll see you at the team gym at 10 AM for our usual session."
ham,Please review the attached weekend document and let me know your thoughts by 1 PM.
ham,"I'm running about 10 minutes late for the 6 PM meeting, traffic near engineering is bad."
spam,CONGRATULATIONS! You've been chosen for a FREE Vacation voucher worth $6128. Claim at http://reward-center.xyz
ham,"I updated the Cash spreadsheet with the latest numbers, please check before 3 PM."
ham,"Let's finalize the school schedule for next week, are you free 6 PM?"
spam,"You have a missed call from 08712300220, case 9827. To know who called, dial back now for $1.50/min."
spam,"Congratulations! You've WON a downtown prize. Call 08712401890 now to claim your reward, offer code 237!"
ham,"Hope your client interview at 4:45 PM went well, let me know how it went!"
spam,URGENT! Your account 7087 has been suspended. Click here to verify: http://claim-prize.com
ham,"Hope your Cash interview at 4:45 PM went well, let me know how it went!"
ham,"Sure, I'll see you at the marketing gym at 2 PM for our usual session."
spam,"WIN a brand new Holiday this week, entry 5306! Enter now at http://verify-account.net. T&Cs apply."
spam,"Congratulations! You've WON a groceries prize. Call 07786200117 now to claim your reward, offer code 7498!"
ham,"Thanks for marketing dinner last night, the food was amazing, see you at 9 AM."
ham,"Can you send me the Cash report by 1 PM? Thanks, it's for the this evening meeting."
ham,"Let's finalize the garden schedule for next week, are you free 6 PM?"
ham,"I will be home late today, around 10 AM. Please start dinner without me, love you."
ham,"I left my groceries charger at the office, can you bring it tomorrow morning?"
ham,"Let's grab client coffee before the meeting at 11 AM, I have something to discuss."
ham,The meeting has been rescheduled to 5:30 PM in the kitchen conference room.
ham,Quick question about the weekend assignment - is it due 9 AM or Monday?
spam,"Congratulations! You've WON a finance prize. Call 07786200117 now to claim your reward, offer code 2292!"
ham,The meeting has been rescheduled to 1 PM in the sales conference room.
ham,"I will be home late today, around 5:30 PM. Please start dinner without me, love you."
ham,"Don't forget to pick up milk, bread and Cash on your way home around 2 PM."
spam,"WIN a brand new finance this week, entry 5717! Enter now at http://bonus-cash.online. T&Cs apply."
ham,"Hope your Gift Card interview at 1 PM went well, let me know how it went!"
spam,Last chance! Your subscription 6950 expires today. Renew now at http://win-now.biz to avoid 19% penalty.
spam,"Special promo just for you, voucher 8594! Get 26% off all products. Use code SAVE8594 at http://secure-update.info"
ham,Please review the attached downtown document and let me know your thoughts by 1 PM.
ham,"Let's finalize the Laptop schedule for next week, are you free 9 AM?"
spam,Make money fast! Investment opportunity #7361 guarantees 82% returns. Reply for details.
spam,"WIN a brand new Holiday this week, entry 5717! Enter now at http://secure-update.info. T&Cs apply."
spam,You've earned 61 reward points worth $4621! Redeem now at http://verify-account.net before they expire.
ham,"Can you send me the office report by 1 PM? Thanks, it's for the end of day meeting."
spam,"You have a missed call from 08712460324, case 4895. To know who called, dial back now for $1.50/min."
spam,URGENT! Your account 237 has been suspended. Click here to verify: http://claim-prize.com
ham,Could you forward the Tablet invoice from tonight? I need it for accounting.
spam,"Exclusive deal #8457: Get a marketing for just $26. Limited stock, order at http://verify-account.net now!"
spam,ALERT 9690: Unusual activity detected on your account. Verify now at http://bonus-cash.online or account will be locked.
spam,Congratulations! You've won $5854 in our weekly draw #54. Send your bank details to claim.
ham,"Hope your school interview at 3 PM went well, let me know how it went!"
spam,FREE RINGTONES! Text TONE8457 to 09061701461 to download the latest hits for free!
ham,Can we catch up this weekend at 6 PM? It's been a while since we hung out near sales.
ham,"The weather looks great for the weekend, want to go Cash hiking at 8:15 AM?"
spam,"You have a missed call from 08001234567, case 5717. To know who called, dial back now for $1.50/min."
spam,FINAL NOTICE 1881: Outstanding payment of $1881 detected. Settle immediately via http://verify-account.net to avoid legal action.
spam,You have been selected to receive a FREE Car worth $100. Reply YES to claim now!
ham,"Thanks for kitchen dinner last night, the food was amazing, see you at 3 PM."
spam,FREE RINGTONES! Text TONE5169 to 09064011000 to download the latest hits for free!
ham,Can we catch up this weekend at 2 PM? It's been a while since we hung out near homework.
ham,"The project package was delivered today around 5:30 PM, thanks for ordering it for me."
ham,"Thanks for sales dinner last night, the food was amazing, see you at 6 PM."
ham,"The weather looks great for the weekend, want to go finance hiking at 1 PM?"
spam,"Limited offer! Buy now and get 47% discount on Smart TV, code 3388. Click http://secure-update.info to order!"
ham,Reminder: Your appointment with the client doctor is scheduled for 4:45 PM tomorrow.
spam,"Your loan of $5580 has been approved! No credit check required. Call 09058094594 today, ref 26!"
spam,Make money fast! Investment opportunity #8320 guarantees 89% returns. Reply for details.
spam,"Get rich quick! Earn $4621 per day working from home. Visit http://freegift.co now, slot 89!"
spam,"Your loan of $9005 has been approved! No credit check required. Call 08712460324 today, ref 26!"
spam,"Congratulations! You've WON a Vacation prize. Call 09058094594 now to claim your reward, offer code 2155!"
spam,FREE RINGTONES! Text TONE374 to 09058094594 to download the latest hits for free!
ham,"Thanks for the help with the marketing project yesterday, really appreciated it."
spam,You've earned 5 reward points worth $5443! Redeem now at http://reward-center.xyz before they expire.
ham,"Don't forget to pick up milk, bread and kitchen on your way home around 9 AM."
spam,Your prize of project (ref 4621) is waiting! Reply CLAIM with your address to receive it within 24hrs.
ham,Reminder: Your appointment with the finance doctor is scheduled for 10 AM tomorrow.
spam,"FREE entry to win a groceries! Text WIN to 08712300220 now, ref 4073. Limited time offer!"
ham,"Don't forget to pick up milk, bread and Gift Card on your way home around noon."
ham,"Let's grab Tablet coffee before the meeting at 5:30 PM, I have something to discuss."
ham,Could you send me the engineering notes from today's class? I missed the part around 2 PM.
spam,WINNER!! As a valued customer you have been selected to receive a sales cash reward of $9416. Call 08712460324
ham,Reminder: Your appointment with the Vacation doctor is scheduled for 4:45 PM tomorrow.
spam,"Special promo just for you, voucher 2840! Get 33% off all products. Use code SAVE2840 at http://claim-prize.com"
ham,"I'm running about 10 minutes late for the 11 AM meeting, traffic near office is bad."
spam,Your prize of Car (ref 5169) is waiting! Reply CLAIM with your address to receive it within 24hrs.
spam,"Your loan of $6402 has been approved! No credit check required. Call 08712401890 today, ref 61!"
ham,"Just checking in, how are you feeling after the garden? Call me at 2 PM."
ham,"Hey, are we still meeting for lunch tomorrow at 10 AM? Let me know by Monday."
ham,Let's plan the finance trip for next month. I'll book the tickets this weekend.
spam,"Your loan of $6265 has been approved! No credit check required. Call 09058094594 today, ref 89!"
spam,Make money fast! Investment opportunity #2703 guarantees 75% returns. Reply for details.
spam,"FREE entry to win a client! Text WIN to 09061701461 now, ref 6265. Limited time offer!"
ham,"Just checking in, how are you feeling after the school? Call me at 11 AM."
ham,Are you free for a quick call at 11 AM? Want to discuss the design budget.
spam,"Your loan of $648 has been approved! No credit check required. Call 09064011000 today, ref 19!"
ham,"I will be home late today, around noon. Please start dinner without me, love you."
spam,"Congratulations! You've WON a iPhone prize. Call 07090210034 now to claim your reward, offer code 2155!"
ham,"I updated the garden spreadsheet with the latest numbers, please check before 8:15 AM."
ham,"The Vacation package was delivered today around 2 PM, thanks for ordering it for me."
spam,"Claim your FREE sales now, code 47! Text CLAIM to 07911123456. Offer expires today!"
ham,"Mom called, she wants us to visit this Sunday at 6 PM for kitchen lunch."
spam,URGENT! Your account 100 has been suspended. Click here to verify: http://bonus-cash.online
spam,FINAL NOTICE 7498: Outstanding payment of $7498 detected. Settle immediately via http://claim-prize.com to avoid legal action.
ham,"Let's finalize the finance schedule for next week, are you free 1 PM?"
ham,Please review the attached project document and let me know your thoughts by 8:15 AM.
ham,Are you free for a quick call at 10 AM? Want to discuss the homework budget.
spam,"You have a missed call from 09058094594, case 100. To know who called, dial back now for $1.50/min."
spam,"WIN a brand new project this week, entry 8868! Enter now at http://claim-prize.com. T&Cs apply."
spam,Make money fast! Investment opportunity #7635 guarantees 40% returns. Reply for details.
ham,"Sure, I'll see you at the Gift Card gym at 1 PM for our usual session."
ham,Can you pick me up from the team station at 4:45 PM? My train arrives then.
spam,"Special promo just for you, voucher 648! Get 89% off all products. Use code SAVE648 at http://reward-center.xyz"
spam,FINAL NOTICE 9005: Outstanding payment of $9005 detected. Settle immediately via http://reward-center.xyz to avoid legal action.
spam,"FREE entry to win a garden! Text WIN to 09064011000 now, ref 922. Limited time offer!"
spam,"You have a missed call from 08001234567, case 7087. To know who called, dial back now for $1.50/min."
spam,"You have a missed call from 08712460324, case 237. To know who called, dial back now for $1.50/min."
ham,"Sure, I'll see you at the design gym at 1 PM for our usual session."
ham,"Thanks for the help with the Car project yesterday, really appreciated it."
spam,"Congratulations! You've WON a Tablet prize. Call 08001234567 now to claim your reward, offer code 7909!"
ham,Quick question about the Smart TV assignment - is it due 5:30 PM or this evening?
spam,URGENT! Your account 5854 has been suspended. Click here to verify: http://freegift.co
spam,"Exclusive deal #648: Get a groceries for just $89. Limited stock, order at http://verify-account.net now!"
spam,"FREE entry to win a Holiday! Text WIN to 07786200117 now, ref 5854. Limited time offer!"
ham,Quick question about the finance assignment - is it due 5:30 PM or end of day?
spam,"You have a missed call from 07786200117, case 6265. To know who called, dial back now for $1.50/min."
spam,"Get rich quick! Earn $1881 per day working from home. Visit http://win-now.biz now, slot 12!"
spam,"Hot singles in your area are waiting to chat with you, ID 4484! Click http://secure-update.info now!!!"
ham,"I just finished the design assignment, do you want to go over it together at 2 PM?"
ham,"I just finished the Cash assignment, do you want to go over it together at 10 AM?"
ham,"Can you send me the iPhone report by 5:30 PM? Thanks, it's for the Monday meeting."
ham,"Can you send me the team report by noon? Thanks, it's for the Friday meeting."
spam,"WIN a brand new homework this week, entry 511! Enter now at http://win-now.biz. T&Cs apply."
ham,"I updated the Laptop spreadsheet with the latest numbers, please check before 6 PM."
ham,Please review the attached Cash document and let me know your thoughts by 6 PM.
ham,"Sure, I'll see you at the Tablet gym at 1 PM for our usual session."
spam,"Limited offer! Buy now and get 89% discount on Gift Card, code 5169. Click http://claim-prize.com to order!"
ham,"Mom called, she wants us to visit this Sunday at 8:15 AM for Car lunch."
ham,Please review the attached school document and let me know your thoughts by 5:30 PM.
ham,"Can you send me the school report by 3 PM? Thanks, it's for the next week meeting."
ham,Can we catch up this weekend at 7 PM? It's been a while since we hung out near Holiday.
spam,"Limited offer! Buy now and get 33% discount on client, code 100. Click http://bonus-cash.online to order!"
ham,"Hey, are we still meeting for lunch tomorrow at 11 AM? Let me know by end of day."
ham,Could you forward the homework invoice from Monday? I need it for accounting.
spam,CONGRATULATIONS! You've been chosen for a FREE kitchen voucher worth $3936. Claim at http://verify-account.net
ham,"Hope your sales interview at 11 AM went well, let me know how it went!"
ham,Let's plan the sales trip for next month. I'll book the tickets this weekend.
spam,WINNER!! As a valued customer you have been selected to receive a office cash reward of $5443. Call 07786200117
spam,"Hot singles in your area are waiting to chat with you, ID 1607! Click http://freegift.co now!!!"
ham,"Can you send me the Laptop report by 1 PM? Thanks, it's for the tomorrow morning meeting."
ham,"Happy birthday! Hope you have a wonderful day, see you at 9 AM for the party."
ham,"I updated the design spreadsheet with the latest numbers, please check before 3 PM."
spam,WINNER!! As a valued customer you have been selected to receive a office cash reward of $7909. Call 08712300220
spam,You have been selected to receive a FREE project worth $8046. Reply YES to claim now!
spam,"WIN a brand new Laptop this week, entry 6950! Enter now at http://claim-prize.com. T&Cs apply."
spam,Last chance! Your subscription 7498 expires today. Renew now at http://secure-update.info to avoid 19% penalty.
spam,"Dear customer, your engineering delivery #2977 is on hold. Pay $82 customs fee at http://freegift.co to release it."
spam,"Dear customer, your Holiday delivery #7087 is on hold. Pay $40 customs fee at http://secure-update.info to release it."
ham,"Happy birthday! Hope you have a wonderful day, see you at noon for the party."
spam,"Limited offer! Buy now and get 33% discount on marketing, code 3114. Click http://claim-prize.com to order!"
spam,URGENT: Your bank account 4347 needs verification. Click http://reward-center.xyz immediately to avoid suspension.
ham,"I left my Vacation charger at the office, can you bring it tomorrow morning?"
spam,Make money fast! Investment opportunity #9827 guarantees 26% returns. Reply for details.
spam,Last chance! Your subscription 9416 expires today. Renew now at http://secure-update.info to avoid 61% penalty.
spam,"Hot singles in your area are waiting to chat with you, ID 7087! Click http://verify-account.net now!!!"
ham,"Just checking in, how are you feeling after the Holiday? Call me at 5:30 PM."
spam,ALERT 5032: Unusual activity detected on your account. Verify now at http://claim-prize.com or account will be locked.
ham,"Hope your office interview at 5:30 PM went well, let me know how it went!"
spam,You've earned 26 reward points worth $9553! Redeem now at http://claim-prize.com before they expire.
ham,"Let's finalize the client schedule for next week, are you free 1 PM?"
ham,"Let's finalize the client schedule for next week, are you free 5:30 PM?"
spam,ALERT 4484: Unusual activity detected on your account. Verify now at http://secure-update.info or account will be locked.
spam,You've earned 47 reward points worth $7361! Redeem now at http://win-now.biz before they expire.
spam,Make money fast! Investment opportunity #8183 guarantees 47% returns. Reply for details.
spam,URGENT! Your account 4210 has been suspended. Click here to verify: http://bonus-cash.online
spam,"Claim your FREE groceries now, code 33! Text CLAIM to 07786200117. Offer expires today!"
spam,FREE RINGTONES! Text TONE7772 to 08001234567 to download the latest hits for free!
spam,"Special promo just for you, voucher 6539! Get 54% off all products. Use code SAVE6539 at http://secure-update.info"
spam,"You have a missed call from 07090210034, case 922. To know who called, dial back now for $1.50/min."
ham,Could you send me the office notes from today's class? I missed the part around 9 AM.
spam,FINAL NOTICE 4758: Outstanding payment of $4758 detected. Settle immediately via http://bonus-cash.online to avoid legal action.
ham,"Can you send me the iPhone report by 4:45 PM? Thanks, it's for the Monday meeting."
spam,"WIN a brand new client this week, entry 5306! Enter now at http://secure-update.info. T&Cs apply."
spam,"Special promo just for you, voucher 9416! Get 89% off all products. Use code SAVE9416 at http://reward-center.xyz"
spam,"Dear customer, your client delivery #6539 is on hold. Pay $47 customs fee at http://claim-prize.com to release it."
ham,"The marketing package was delivered today around 2 PM, thanks for ordering it for me."
spam,FREE RINGTONES! Text TONE6128 to 08712401890 to download the latest hits for free!
spam,URGENT! Your account 5306 has been suspended. Click here to verify: http://claim-prize.com
